Name,Age,Country
John Smith,28,USA
Jane Doe,22,Canada
Bob Johnson,35,UK
Alice Brown,25,Australia
David Lee,32,South Korea
Emily Chen,29,China
Jack Taylor,36,Japan
Sarah Taylor,31,France
Michael Brown,27,Germany
Olivia Lee,30,Italy
Daniel Kim,34,Spain
Hannah Kim,26,Sweden
James Kim,33,Switzerland
Justin Lee,29,Austria
Kevin Brown,35,Belgium
Lisa Lee,32,Netherlands
Mark Taylor,28,Poland
Nancy Kim,24,Russia
Oliver Kim,30,Turkey
Pamela Lee,25,India
Richard Brown,31,Brazil
Samantha Taylor,27,Mexico
Toby Kim,32,South Africa
Uma Lee,29,Indonesia
Victor Brown,35,Malaysia
Walter Brown,34,Portugal
Xavier Lee,26,Denmark
Yvonne Kim,30,Norway
Zachary Taylor,28,Finland
Ava Brown,29,Greece
Brock Lee,32,Iceland
Camille Kim,31,Israel
Dante Taylor,27,Ireland
Evelyn Brown,35,Hungary
Finn Lee,30,Czech Republic
Gabriella Kim,29,Slovakia
Harrison Taylor,28,Romania
Ivy Brown,31,Bulgaria
Julian Lee,27,Croatia
Kate Kim,30,Slovenia
Lucas Taylor,35,Lithuania
Mia Brown,29,Luxembourg
Natalie Lee,32,Latvia
Oliver Kim,28,Estonia
Penelope Taylor,31,Cyprus
Quentin Brown,35,Malta
Rebecca Lee,29,Bosnia and Herzegovina
Sophie Kim,31,Albania
Tessa Taylor,27,Montenegro
Una Brown,30,Kosovo
Vincent Lee,35,North Macedonia
Wendy Kim,29,Serbia
Xanthe Taylor,28,Belarus
Yolanda Brown,31,Ukraine
Zoe Lee,29,Moldova
Aaron Kim,35,Armenia
Brianna Taylor,26,Azerbaijan
Caleb Brown,30,Georgia
Diana Lee,31,Turkmenistan
Ethan Kim,27,Kazakhstan
Florence Taylor,29,Uzbekistan
Gabriel Brown,32,Tajikistan
Hannah Lee,28,Kyrgyzstan
Ian Kim,31,Mongolia
Julian Taylor,27,Laos
Kate Brown,30,Cambodia
Liam Lee,29,Thailand
Mason Kim,28,Myanmar
Nadia Taylor,31,Vietnam
Olivia Brown,35,Philippines
Parker Lee,26,Indonesia
Quincy Kim,30,Malaysia
Rebecca Taylor,29,Singapore
Sophie Brown,31,Brunei
Tessa Lee,27,Timor-Leste
Una Kim,30,Papua New Guinea
Vincent Taylor,35,Fiji
Wendy Brown,29,Solomon Islands
Xanthe Lee,28,Vanuatu
Yolanda Kim,31,New Caledonia
Zoe Taylor,29,Nauru
